id	severity	category	location	title	recommended_fix	status
FINDING-001	medium	logic	internal/controller/api/middleware/ratelimit.go:476	Redis rate limiter fails open on error	Add circuit breaker pattern; deny requests when rate limit backend is unavailable; consider fallback to local rate limiting	fixed
FINDING-002	low	config	docker-compose.yml:55	Weak default NATS auth token in compose file	Remove default fallback; require NATS_AUTH_TOKEN to be set explicitly in all environments; validate token strength at startup	fixed
FINDING-003	info	config	internal/controller/api/middleware/ratelimit.go:148	In-memory rate limiting doesn't protect distributed deployments	Deploy with Redis-backed rate limiting in multi-instance production environments; document this in deployment guide	fixed
FINDING-004	low	crypto	internal/controller/api/provisioning/vms.go:102-103	Password generation falls back to math/rand on crypto/rand failure	Panic or fail securely instead of falling back to non-cryptographic RNG; crypto/rand failure indicates system entropy exhaustion which should halt operations	fixed
FINDING-005	info	config	modules/servers/virtuestack/lib/VirtueStackHelper.php:445-448	SSO token passed via URL query parameter for WebUI access	Document security considerations; use short token expiry (5 minutes recommended); accept trade-off for simplicity	fixed
IMPROVEMENT-001	info	testing	internal/controller/api/admin/*.go	Missing unit tests for admin API handlers	Add unit tests for input validation, error handling, and response format	fixed
FINDING-006	high	auth	internal/controller/services/auth_service_tokens.go:20-92	Refresh token rotation lacks atomicity enabling token reuse attack	Wrap session deletion and creation in a database transaction; use SELECT FOR UPDATE when fetching session; consider using a refresh token family tracking mechanism to detect and revoke replayed tokens	open
FINDING-007	medium	auth	internal/controller/services/auth_service_password.go:109-170	Password reset flow lacks atomicity enabling potential token reuse	Wrap the password update and token marking in a database transaction; check used_at IS NULL in UPDATE WHERE clause to ensure atomicity; add unique constraint on token_hash if not present	open
FINDING-008	medium	auth	internal/controller/api/customer/routes.go:79-86	Customer auth endpoints lack rate limiting enabling brute force attacks	Add LoginRateLimit() middleware to customer auth group matching admin routes pattern; apply specifically to /login, /verify-2fa, and /refresh endpoints	open
FINDING-009	low	auth	internal/controller/api/admin/auth.go:167-170	Admin logout does not invalidate server-side session	Add session invalidation by calling authService.Logout() with session ID derived from refresh token cookie; match customer logout implementation which properly invalidates sessions	open
FINDING-010	high	auth	internal/controller/server.go:103	IP allowlist bypass via X-Forwarded-For header spoofing	Gin router created without SetTrustedProxies() configuration; attackers can spoof X-Forwarded-For header to bypass IP allowlist on provisioning API keys and customer API keys. Configure router.SetTrustedProxies([]string{"127.0.0.1", "::1"}) or the nginx proxy IP range to only trust headers from known reverse proxies.	open
FINDING-011	info	crypto	internal/controller/api/middleware/auth.go:526-529	SHA-256 for API key hash lookup is acceptable	SHA-256 is appropriate for API key storage (unlike passwords). API keys have high entropy (32+ random bytes) making offline brute-force infeasible. PostgreSQL parameterized queries prevent timing attacks on hash comparison. No action required - this is a security confirmation, not a vulnerability.	n/a
FINDING-012	info	auth	internal/controller/services/webhook.go:733-752	TestWebhook method does not verify webhook ownership	Add customerID parameter to TestWebhook and verify webhook belongs to customer before queueing test delivery; currently relies on handler to verify ownership which creates inconsistent API	open
FINDING-013	info	auth	internal/controller/services/rbac_service.go:107-119	CheckPermission returns false for customer VM access without ownership context	This is by design (ownership checked in specific CanX methods) but could cause issues if CheckPermission is called directly; document this behavior clearly or add ownership parameters	open
AUDIT-001	info	crypto	internal/shared/crypto/*.go	Tier 1 Secrets & Cryptography audit - Encryption	Verified AES-256-GCM implementation: proper key validation (32 bytes/64 hex chars), random nonce generation via crypto/rand, nonce prepended to ciphertext, base64 encoding for safe storage, ciphertext length validation prevents panic on short input. No ECB/CBC/DES/RC4 usage found.	verified
AUDIT-002	info	crypto	internal/shared/crypto/*.go	Tier 1 Secrets & Cryptography audit - Random Generation	Verified crypto/rand usage throughout: GenerateRandomToken, GenerateRandomBytes, GenerateRandomDigits (with rejection sampling for modulo bias), GenerateMACAddress, GenerateEncryptionKey. No math/rand for security values. All random generation uses io.ReadFull(rand.Reader, ...).	verified
AUDIT-003	info	crypto	internal/controller/services/auth_service.go:49-55	Tier 1 Secrets & Cryptography audit - Password Hashing	Verified Argon2id with OWASP-recommended parameters: Memory=64MB (65536 KB), Iterations=3, Parallelism=4, SaltLength=16, KeyLength=32. No bcrypt/scrypt usage. Password strength validation enforces 12+ chars with upper/lower/digit/special.	verified
AUDIT-004	info	crypto	internal/controller/api/middleware/auth.go:493-515	Tier 1 Secrets & Cryptography audit - JWT Security	Verified JWT implementation: HMAC-SHA256 enforced via jwt.WithValidMethods([]string{jwt.SigningMethodHS256.Alg()}), prevents algorithm confusion attacks. Token fingerprinting for safe logging (first 8 chars of SHA-256 hash). JWTSecret minimum 32 chars enforced, production rejects known weak defaults.	verified
AUDIT-005	info	crypto	internal/shared/config/config.go:19-29	Tier 1 Secrets & Cryptography audit - Secret Management	Verified Secret type implementation: String() returns "[REDACTED]", MarshalJSON() returns redacted JSON, Value() for actual access. Prevents accidental logging or serialization of secrets. Production config validates JWT_SECRET, ENCRYPTION_KEY, DATABASE_URL against known weak defaults.	verified
AUDIT-006	info	crypto	internal/controller/services/auth_service_login.go:113-129	Tier 1 Secrets & Cryptography audit - Timing Safety	Verified constant-time comparisons: backup code verification uses subtle.ConstantTimeCompare, CSRF validation uses subtle.ConstantTimeCompare, TOTP validation uses pquerna/otp library (time-based, no timing attack applicable). Refresh tokens hashed with SHA-256 before lookup.	verified
FINDING-014	high	authz	migrations/000001_initial_schema.up.sql and internal/controller/repository/db.go:78	RLS policies never activated at runtime	SetCustomerContext function exists to set app.current_customer_id but is never called; RLS policies reference current_setting() which returns NULL; application relies entirely on application-level WHERE clauses for customer isolation. Either implement RLS activation with SET ROLE app_customer or remove unused RLS infrastructure.	open
FINDING-015	medium	authz	migrations/000037_admin_backup_schedules.up.sql:109	Missing RLS policy on admin_backup_schedules table	Table has GRANT SELECT TO app_customer but no RLS policy; customers can view all admin backup schedules including targeting criteria and configuration. Either add RLS policy or remove GRANT SELECT to app_customer.	open
FINDING-016	critical	path-traversal	internal/nodeagent/grpc_handlers_storage.go:141-164	TransferDisk allows arbitrary file read via unvalidated source path	sourcePath from gRPC request used directly in os.Open() without calling validatePath(); attacker with gRPC access can read any file on the node including /etc/shadow, private keys, database files. Add validatePath(sourcePath, h.server.config.StoragePath) before os.Open().	open
FINDING-017	high	path-traversal	internal/nodeagent/grpc_handlers_qcow_internal.go:66-106,109-134,137-150	QCOW backup/restore functions lack path validation	backupPath and targetPath parameters used in os.Stat(), os.MkdirAll(), os.Remove(), exec.Command() without validatePath() calls; allows arbitrary file read/write/delete. Add validatePath() calls for all user-provided paths before file operations.	open
FINDING-018	high	symlink	internal/nodeagent/server.go:888-896	validatePath does not check for symlink escape attacks	filepath.Clean() and prefix check do not prevent symlink attacks; attacker can create symlink inside allowed directory pointing outside, then validatePath succeeds but operation follows symlink to sensitive file. Use filepath.EvalSymlinks() on both path and base directory, then compare resolved paths.	open
FINDING-019	medium	path-traversal	internal/nodeagent/storage/cloudinit.go:94-96	Cloud-init Delete uses vmID without path traversal validation	vmID used in filepath.Join() without validation; if vmID contains "../" characters, could delete files outside intended directory. Validate vmID format (should be UUID) before constructing path.	open
FINDING-020	medium	path-traversal	internal/nodeagent/storage/qcow.go:53-59,83-119	imagePath() allows absolute paths bypassing basePath	If imageName is absolute path, imagePath() returns it as-is (lines 55-57), bypassing basePath restriction. CloneFromTemplate and CloneSnapshotToPool use filepath.Join with user parameters without validation. Add validatePath() or ensure all paths are relative and validated.	open
FINDING-021	medium	path-traversal	internal/controller/services/template_service.go:189	Template Import uses sourcePath without validation	sourcePath from function parameter used directly in os.Stat() without validation; admin could inadvertently or maliciously access files outside template directories. Add path validation against allowed template source directories.	open
FINDING-022	info	file-operations	internal/controller/api/customer/iso_upload.go:143-315	ISO upload properly validates UUIDs preventing path traversal	Positive finding: customerID, vmID, isoID all validated as UUIDs via uuid.Parse() before use in filepath.Join(); this prevents path traversal attacks in ISO operations. File size limits enforced at multiple points (MaxBytesReader, header check, post-write check).	verified
FINDING-023	medium	ratelimit	internal/controller/api/customer/routes.go:112-199	Customer VM power/backup/snapshot operations lack rate limiting	Pre-built rate limit functions (VMStartRateLimit, VMStopRateLimit, ConsoleTokenRateLimit, BackupCreateRateLimit) exist in ratelimit.go but are not applied to customer routes. VM start/stop/restart (lines 116-119), console tokens (line 129), backup creation (line 184), and snapshot creation (line 197) are unprotected. Apply appropriate rate limits to prevent resource exhaustion abuse.	open
FINDING-024	medium	ratelimit	internal/controller/api/admin/routes.go:115-226	Admin VM/backup operations lack granular rate limiting	Admin routes use blanket AdminRateLimit (500/min) but pre-built granular limits (VMCreateRateLimit, VMDeleteRateLimit, BackupCreateRateLimit) are not applied. VM creation (line 138), deletion (line 141), migration (line 142), and backup restore (line 203) could be abused for resource exhaustion. Apply granular rate limits matching defined functions.	open
AUDIT-008	info	ratelimit	internal/controller/api/middleware/ratelimit.go:483-491	Tier 2 Rate Limiting audit - Redis failure handling	Verified Redis rate limiter fails closed on errors (returns false, denies requests). This is correct security behavior per CWE-693. Prevents rate limit bypass during Redis outages. Rate limit headers set correctly (X-RateLimit-Limit, X-RateLimit-Remaining, X-RateLimit-Reset).	verified
AUDIT-009	info	grpc	internal/nodeagent/server.go:169-186	Tier 2 VM Lifecycle & gRPC audit - mTLS Configuration	Verified mTLS implementation: TLS 1.3 enforced (MinVersion), RequireAndVerifyClientCert for mutual authentication, CA certificate loaded and verified, no InsecureSkipVerify. gRPC message size bounded to 64 MiB preventing OOM attacks. Proper certificate validation chain.	verified
AUDIT-010	info	grpc	internal/controller/grpc_client.go:152-180	Tier 2 VM Lifecycle & gRPC audit - Controller gRPC Client	Verified controller-side mTLS: InsecureSkipVerify explicitly set to false, TLS 1.3 enforced, CA certificate pool properly configured, client certificates loaded for mutual auth. InsecureNodeClient exists but is clearly marked for development/testing only with IsInsecure() check.	verified
FINDING-025	high	authz	internal/nodeagent/grpc_handlers_console.go:21-118	Tier 2 VM Lifecycle & gRPC audit - Console Access Missing Authorization	Console handlers (StreamVNCConsole, StreamSerialConsole) accept VM ID from first frame data without any authorization check. Any authenticated gRPC client can connect to any VM's console. The controller validates tokens before proxying, but the node agent itself has no authz. Add authorization check to verify the caller (controller) has permission to access this VM's console.	open
FINDING-026	medium	validation	internal/nodeagent/server.go:659-667	Tier 2 VM Lifecycle & gRPC audit - Missing Upper Bounds on VM Resources	CreateVM validates that vcpu, memory_mb, disk_gb are positive but has no upper bounds. Malicious request could specify extremely large values (e.g., vcpu=999999999) causing resource exhaustion or integer overflow. Add maximum limits for vcpu (e.g., 128), memory_mb (e.g., 512000 = 500GB), disk_gb (e.g., 10000 = 10TB).	open
FINDING-027	medium	validation	internal/nodeagent/grpc_handlers_vm_lifecycle.go:151-166	Tier 2 VM Lifecycle & gRPC audit - ResizeVM Missing Upper Bounds	ResizeVM validates non-negative values but has no upper bounds for new_vcpu, new_memory_mb, new_disk_gb. Attacker with gRPC access could request unreasonably large resources. Add maximum limits consistent with CreateVM validation.	open
AUDIT-011	info	isolation	internal/nodeagent/vm/domain_xml.go:87-207	Tier 2 VM Lifecycle & gRPC audit - VM Isolation Mechanisms	Verified VM isolation: Q35 machine type with PCIe controllers, virtio devices, VNC bound to 127.0.0.1 only (not exposed externally), nwfilter reference (virtuestack-clean-traffic) for anti-spoofing, QEMU guest agent channel for secure guest communication, no passthrough of host devices. Template uses escapeXML for all user-provided values preventing XML injection.	verified
AUDIT-012	info	isolation	internal/nodeagent/network/nwfilter.go:47-138	Tier 2 VM Lifecycle & gRPC audit - Network Anti-Spoofing	VERIFIED WITH CAVEAT: nwfilter code exists with per-VM filters (vs-anti-spoof-*) enforcing MAC/IP/ARP spoofing protection, clean-traffic base filter, DHCP rogue server prevention, IPv6 ICMP rules. HOWEVER: See FINDING-037 - nwfilter code is never called at runtime. Protection relies on virtuestack-clean-traffic filter being manually created per INSTALL.md.	verified_with_caveat
AUDIT-013	info	authz	internal/controller/api/customer/console.go:26-100	Tier 2 VM Lifecycle & gRPC audit - Console Token Security	Verified console token implementation: tokens generated with crypto/rand (32 bytes), stored in tokenStore with VM/customer binding, validated on WebSocket connection, single-use tokens invalidated after first use, 1-hour expiry. WebSocket validates Origin header against allowlist. Per-IP connection limit (10 concurrent).	verified
FINDING-028	low	authz	internal/nodeagent/grpc_handlers_guest.go:23-126	Tier 2 VM Lifecycle & gRPC audit - Guest Command Arguments Not Validated	GuestExecCommand implements command whitelist (df, free, uname, date, uptime). Path validation ensures commands are from /usr/bin or /bin. Symlink resolution prevents path traversal. However, command arguments are not validated - attacker could pass dangerous flags (e.g., df -a exposing all filesystems including sensitive mounts). Consider validating/sanitizing arguments.	open
AUDIT-014	info	validation	internal/nodeagent/server.go:884-897	Tier 2 VM Lifecycle & gRPC audit - Path Traversal Protection	Verified validatePath function: cleans paths with filepath.Clean, checks prefix to prevent traversal attacks (../..), used for template_file_path and disk_path parameters. All file operations validated against allowed directories.	verified
AUDIT-015	info	auth	internal/nodeagent/server.go:547-585	Tier 2 VM Lifecycle & gRPC audit - gRPC Authentication Model	All gRPC methods (Ping, GetNodeHealth, GetVMStatus, GetVMMetrics, GetNodeResources, CreateVM, StartVM, StopVM, ForceStopVM, DeleteVM, etc.) have no authentication at the node agent level. mTLS provides transport security but no application-level auth. The node agent trusts any client with valid mTLS certificate. This is acceptable if controller is the only mTLS client, but document this trust model clearly.	info
AUDIT-016	info	ssrf	internal/controller/tasks/webhook_deliver.go:339-397	Tier 2 Webhook System SSRF audit - SSRF Protection	Verified comprehensive SSRF protection: HTTPS-only enforcement, custom DialContext resolves hostname and validates ALL resolved IPs against private ranges before TCP connect (DNS rebinding resistant), redirects blocked entirely (CheckRedirect returns error), pre-flight DNS check at registration time for fast-fail UX. Private ranges blocked: 0.0.0.0/8, 10.0.0.0/8, 172.16.0.0/12, 192.168.0.0/16, 127.0.0.0/8, 169.254.0.0/16 (covers 169.254.169.254 metadata), 100.64.0.0/10 (CGNAT), IPv6 loopback/ULA/link-local.	verified
AUDIT-017	info	crypto	internal/controller/services/webhook.go:489-517	Tier 2 Webhook System SSRF audit - Secret Management	Verified webhook secret handling: secrets encrypted at rest with AES-256-GCM before storage (field SecretHash stores encrypted value), minimum 16 chars maximum 128 chars enforced, HMAC-SHA256 signature for payload verification uses hmac.Equal for constant-time comparison, secrets never logged in service layer (service sanitizes URL to scheme+host only). Register method auto-generates 32-byte secrets via crypto/rand.	verified
AUDIT-018	info	logic	internal/controller/tasks/webhook_deliver.go:98-110	Tier 2 Webhook System SSRF audit - Idempotency	Verified webhook delivery idempotency: each delivery has unique IdempotencyKey (UUID), status tracked in database (pending/delivered/failed/retrying), already-delivered deliveries skipped, max 5 attempts with exponential backoff (10s, 60s, 5m, 30m, 2h), webhook auto-disabled after 50 consecutive failures.	IdempotencyKey sent in X-Idempotency-Key header for recipient deduplication.	verified
AUDIT-019	info	auth	internal/controller/services/webhook.go:207-213	Tier 2 Webhook System SSRF audit - Timing Oracle Protection	Verified no timing oracle in webhook lookups: GetByIDAndCustomer returns same ErrWebhookNotFound for both "webhook doesn't exist" and "webhook belongs to different customer", preventing enumeration of valid webhook IDs across customers. UUID validation via uuid.Parse() before database query prevents SQL injection.	verified
FINDING-029	medium	infoleak	internal/controller/api/customer/webhooks.go:176	Full webhook URL logged including path and query parameters	API handler logs req.URL which includes full path and query string; could log sensitive parameters in URL. Service layer correctly sanitizes to scheme+host only (line 193-196 of webhook.go). Apply same sanitization pattern in API handler: parse URL and log only scheme+host.	open
FINDING-030	low	infoleak	internal/controller/tasks/webhook_deliver.go:191	Full webhook URL logged when auto-disabling webhook	Auto-disable warning logs webhook.URL which includes full path; URL could contain sensitive path segments. Sanitize to scheme+host only before logging, matching the pattern used in webhook service Create method.	open
FINDING-031	medium	container	Dockerfile.controller, Dockerfile.admin-webui, Dockerfile.customer-webui	Base images not pinned to SHA digest enabling supply chain attacks	Add SHA digest pinning to all FROM statements (e.g., FROM alpine:3.19.4@sha256:...). Dockerfiles include comments acknowledging this recommendation but do not enforce it. Supply chain attacks could compromise base images between builds.	open
FINDING-032	medium	config	docker-compose.yml:95-96	JWT_SECRET and ENCRYPTION_KEY lack required validation	Unlike NATS_AUTH_TOKEN which uses ${VAR:?error} syntax to fail if unset, JWT_SECRET and ENCRYPTION_KEY use ${VAR} which allows empty values. Change to ${JWT_SECRET:?JWT_SECRET must be set in .env} and ${ENCRYPTION_KEY:?ENCRYPTION_KEY must be set in .env} to match NATS validation pattern.	open
FINDING-033	high	secrets	docker-compose.test.yml:26,40,51-52	Hardcoded test secrets in E2E test configuration	Test credentials hardcoded in plain text: POSTGRES_PASSWORD=virtuestack_test_password, NATS_AUTH_TOKEN=virtuestack_nats_test_token, JWT_SECRET=test_jwt_secret_for_e2e_testing_minimum_32_chars, ENCRYPTION_KEY=test_encryption_key_32_bytes!!. While intended for E2E testing, accidental use in production is possible. Move to .env.test file excluded from version control, or use Docker secrets. Apply to CI/CD only.	open
FINDING-034	low	config	nginx/conf.d/default.conf:74	CSP allows unsafe-inline and unsafe-eval reducing XSS protection	Content-Security-Policy includes 'unsafe-inline' and 'unsafe-eval' required for Next.js hydration. Add nonce-based CSP in production: generate per-request nonce in app server, pass via CSP header, use 'strict-dynamic' to allow trusted script chains. Document trade-off clearly.	open
FINDING-035	medium	config	docker-compose.yml:209-210	SSL certificate paths have insecure defaults	SSL_CERT_PATH and SSL_KEY_PATH default to ./ssl/cert.pem and ./ssl/key.pem which may not exist or contain test certificates. In production, require explicit paths via ${SSL_CERT_PATH:?SSL_CERT_PATH must be set} or document that defaults are development-only.	open
FINDING-036	info	config	docker-compose.override.yml:91	Delve debug port exposed in development environment	Port 40000 (Delve debugger) exposed to host in development. If development environment is accessible externally, attackers could attach debugger and execute arbitrary code. Acceptable for local development but document that docker-compose.override.yml should never be used in production or on network-accessible machines.	info
AUDIT-020	info	container	Dockerfile.*, docker-compose.yml	Tier 3 Docker audit - Container Security Controls	Verified strong container security: All services run as non-root users (virtuestack UID 1000, nginx-user UID 1000, nginx UID 101, postgres/nats use image defaults). security_opt: no-new-privileges:true applied to all services. cap_drop: ALL with minimal cap_add (NET_BIND_SERVICE only for nginx/controller). Resource limits prevent DoS. HEALTHCHECK on all services. Multi-stage builds reduce attack surface. No USER directive for postgres/nats as official images run non-root by default.	verified
AUDIT-021	info	config	nginx/conf.d/default.conf, nginx/conf.d/rate-limit.conf	Tier 3 Docker audit - Nginx Security	Verified nginx security: TLS 1.3 only (ssl_protocols TLSv1.3), HTTP to HTTPS redirect, comprehensive rate limiting (API 16r/s, login 5r/m burst, customer 2r/s), connection limits (10 per IP), security headers (HSTS with preload, X-Frame-Options SAMEORIGIN, X-Content-Type-Options nosniff, Referrer-Policy strict-origin-when-cross-origin), server_tokens off, hidden files blocked (location ~ /\\.), backup/log files blocked. Login rate limit very strict (5 requests per 15 minutes).	verified
AUDIT-022	info	network	docker-compose.yml:244-254	Tier 3 Docker audit - Network Isolation	Verified network segmentation: All services on single internal bridge network (virtuestack-network), no external ports exposed except nginx (80/443). PostgreSQL (5432), NATS (4222), Controller (8080), WebUIs (3000/3001) accessible only via nginx reverse proxy. IPAM with defined subnet prevents IP conflicts. Bridge ICC enabled for inter-container communication. Development override exposes ports for debugging but should not be used in production.	verified
AUDIT-023	info	secrets	.env.example, docker-compose.yml	Tier 3 Docker audit - Secret Management	Verified secret handling in deployment: Secrets injected via environment variables (not hardcoded in compose files), .env.example documents required secrets with placeholder values, NATS_AUTH_TOKEN uses ${VAR:?error} for required validation, POSTGRES_PASSWORD required in production. .env file excluded from version control. Production compose uses DATABASE_SSL_MODE=require by default. No secrets in Dockerfiles (build args are public URLs only).	verified
AUDIT-024	info	container	Dockerfile.controller:97-137	Tier 3 Docker audit - Controller Container Hardening	Verified controller Dockerfile: Multi-stage build with golang:1.24.2-alpine for compilation and alpine:3.19.4 for runtime. CGO_ENABLED=0 creates static binary (no CGO deps for controller). Non-root user created (virtuestack UID 1000). Binary and migrations copied with ownership. HEALTHCHECK via curl to /health endpoint. Comment recommends distroless image for zero attack surface (would require external health monitoring).	verified
FINDING-037	critical	isolation	internal/nodeagent/network/nwfilter.go, internal/nodeagent/vm/domain_xml.go:168-172	Tier 3 Network Audit - nwfilter Anti-Spoofing Dead Code / Filter Name Mismatch	Per-VM nwfilter code (CreateAntiSpoofFilter, EnsureBaseFilters) is NEVER called. Domain XML references 'virtuestack-clean-traffic' but code creates 'clean-traffic'. Per-VM filters (vs-anti-spoof-*) are never applied. VMs may have NO nwfilter protection unless 'virtuestack-clean-traffic' is manually created. Fix: Either (1) call CreateAntiSpoofFilter in CreateVM flow and update domain XML to reference vs-anti-spoof-* filter, OR (2) create virtuestack-clean-traffic filter with parameter variables ($IP, $IPV6, $MAC) to match domain XML parameters. Ensure consistent filter naming throughout.	open
FINDING-038	high	injection	internal/nodeagent/network/dhcp.go:391-393	Tier 3 Network Audit - dnsmasq Config Newline Injection	VMName and VMID used in dnsmasq config comments without newline validation. If VM name contains newlines, attacker could inject arbitrary dnsmasq directives (e.g., 'dhcp-host=attacker-mac,attacker-ip'). sanitizeHostname() exists for dhcp-host line but not for comments. Fix: Validate VMName/VMID for newlines or escape/strip newline characters before including in config file comments.	open
FINDING-039	high	bandwidth	internal/nodeagent/vm/domain_xml.go:162-167, internal/nodeagent/network/bandwidth.go:171-224	Tier 3 Network Audit - Dual Bandwidth Limiting Mechanisms	Domain XML includes libvirt bandwidth element AND bandwidth.go applies tc throttling separately. These are independent mechanisms: libvirt bandwidth set at VM creation, tc applied later. Neither enforces the other. If tc throttle not applied, only libvirt limit applies (and vice versa). Inconsistency could lead to missing or incorrect limits. Fix: Consolidate to single bandwidth limiting approach, or ensure both are always applied together with consistent values.	open
FINDING-040	medium	validation	internal/nodeagent/vm/domain_xml.go:304-305, internal/nodeagent/network/nwfilter_helpers.go:66-71	Tier 3 Network Audit - MAC Address Lacks Format Validation	MACAddress validated only for non-empty in validateDomainConfig, not for valid format. nwfilter addMACRule uses escapeXML but does not validate MAC format. Invalid MAC could result in malformed nwfilter rules. Fix: Add net.ParseMAC() validation in validateDomainConfig and in nwfilter helper functions.	open
FINDING-041	medium	validation	internal/nodeagent/network/nwfilter_helpers.go:75-88, 92-106	Tier 3 Network Audit - IP Addresses Lacks Format Validation in nwfilter	IPv4 and IPv6 addresses used in nwfilter rules are only escaped with escapeXML, not validated as proper IP format. Invalid IP would create malformed nwfilter rules. Fix: Add net.ParseIP() validation in addIPv4Rules and addIPv6Rules functions, or validate at CreateAntiSpoofFilter entry point.	open
FINDING-042	medium	spoofing	internal/nodeagent/network/nwfilter_helpers.go:50-63	Tier 3 Network Audit - IPv6 Neighbor Solicitation Not Validated	IPv6 ICMP rules allow all Neighbor Solicitations (type 135) outbound without validating target address. Malicious VM could send NS for addresses it doesn't own. Fix: Consider adding stricter IPv6 validation rules that verify the source address in NS packets matches VM's assigned IPv6 addresses.	open
AUDIT-025	info	injection	internal/nodeagent/network/abuse_prevention.go:34-35,63-64	Tier 3 Network Audit - nftables Command Injection Protection	Verified nftables rule injection prevention: tapInterface validated against validIfaceRegex (^[a-zA-Z0-9_]+$) before use in any nft command. Constants used for table name. exec.Command with strings.Fields splits command safely. No shell interpolation. Clean implementation.	verified
AUDIT-026	info	injection	internal/nodeagent/network/bandwidth.go:187-189,238-240,357-359,375-377,414-416	Tier 3 Network Audit - tc Command Injection Protection	Verified tc command injection prevention: Interface names validated against validIfaceRegex (^[a-zA-Z0-9_]+$) before all exec.Command calls. Rate/burst/latency values are integers formatted into safe strings. No shell interpolation. exec.CommandContext with separate arguments (not shell string).	verified
AUDIT-027	info	injection	internal/nodeagent/network/dhcp.go:372-386	Tier 3 Network Audit - dnsmasq Config Injection Protection	Verified partial dnsmasq injection protection: Bridge interface validated with validBridgeIfaceRegex, IP addresses validated with net.ParseIP(). Config file written with fmt.Sprintf but uses validated values for interface/IP. See FINDING-038 for VMName newline issue in comments.	verified_with_caveat
AUDIT-028	info	isolation	internal/nodeagent/network/nwfilter_helpers.go:32-35	Tier 3 Network Audit - Rogue DHCP Server Prevention	Verified rogue DHCP prevention: nwfilter drops outbound UDP from port 67 (DHCP server port) at priority 80. Prevents VMs from acting as DHCP servers. DHCP requests (port 68) explicitly allowed. DHCPv6 (ports 546/547) also handled correctly.	verified
AUDIT-029	info	isolation	internal/nodeagent/network/abuse_prevention.go:101-113	Tier 3 Network Audit - SMTP and Metadata Endpoint Blocking	Verified abuse prevention rules: Outbound TCP port 25 (SMTP) blocked to prevent spam. Outbound to 169.254.169.254/32 (cloud metadata endpoint) blocked to prevent SSRF attacks against cloud metadata services. Rules applied per tap interface via nftables.	verified
AUDIT-051	info	injection	internal/controller/tasks/*.go	Tier 3 Task System audit - Task Injection Prevention	Verified tasks are NOT directly injectable: Task creation flows through authenticated API handlers (JWT or API Key auth required), VMService/MigrationService validate inputs before publishing tasks, TaskPublisher interface internal to controller with no public endpoint for raw task submission, task payloads constructed from validated domain objects not user-provided JSON. No public API to submit arbitrary task types or payloads.	verified
AUDIT-052	info	deserialization	internal/controller/tasks/*.go	Tier 3 Task System audit - Safe Deserialization	Verified safe JSON deserialization: All task handlers use typed payload structs (VMCreatePayload, VMMigratePayload, BackupCreatePayload, etc.), json.Unmarshal errors handled and logged before processing, no use of interface{} for untyped payload data, no unsafe deserialization patterns. Handlers validate required fields before processing (e.g., vm_id, node_id required).	verified
AUDIT-053	info	queue	internal/controller/tasks/worker.go:153-162	Tier 3 Task System audit - Queue Security	Verified NATS JetStream security: NATS connection requires authentication (token or mTLS), stream configuration limits retention (7 days), consumer uses explicit ack policy preventing auto-ack, MaxDeliver=3 prevents infinite retry loops. Note: failed unmarshaling drops task silently (acks but logs error) which is acceptable for malformed messages.	verified
FINDING-051	medium	authz	internal/controller/tasks/handlers_vm_create.go:23-240	Tier 3 Task System audit - Task handlers lack ownership verification	Task handlers accept VM IDs from payload without verifying the task creator owns the VM. While tasks are created through authenticated APIs, a compromised or buggy task publisher could queue operations on arbitrary VMs. Add created_by validation in task handlers: verify task.CreatedBy matches VM.CustomerID for customer-initiated tasks.	open
FINDING-052	low	logic	internal/controller/tasks/worker.go:176-180	Tier 3 Task System audit - Task status update failure not handled robustly	If updateTaskStatus fails during "running" transition, task is Nak'd but may be re-queued for retry. The task could be executed multiple times if status update fails but the handler succeeds. Use idempotency key or check task status at handler start to prevent double-execution.	open
AUDIT-054	info	replay	internal/controller/tasks/snapshot_handlers.go:62-67,183-187,307-311	Tier 3 Task System audit - Task Replay Protection	Verified idempotency checks: snapshot handlers check task.IsTerminal() before processing, already-completed tasks return nil (skip processing), idempotent patterns in handlers (delete considers non-existent snapshot as success, migrate checks if VM already on target).	verified
FINDING-044	low	priority	internal/controller/tasks/worker.go	Tier 3 Task System audit - No Priority Escalation Protection	Task types are not validated against a whitelist before handler lookup. While RegisterAllHandlers only registers known types, an attacker who gains NATS publish access could potentially queue tasks with arbitrary type values that would fail with "no handler registered". Consider validating task.Type against allowed list before processing.	open
AUDIT-055	info	auth	internal/controller/services/vm_service.go:206-234	Tier 3 Task System audit - Task Creation Authorization	Verified task creation requires authorization: CreateVM validates plan/template/node existence, DeleteVM verifies ownership via getVMAndVerifyOwnership, ReinstallVM validates template and ownership, ResizeVM checks plan limits for non-admins. All task-publishing methods are private to services (not exposed), TaskPublisher interface abstraction prevents bypass.	verified
FINDING-054	medium	infoleak	internal/controller/tasks/handlers_vm_create.go:221-230	Tier 3 Task System audit - Sensitive data in task result	Task result includes VNC port and cloud-init path which could aid attackers in targeting VMs. While task results are only accessible to authenticated users, VNC port exposure reduces security by obscurity for console access. Consider omitting sensitive fields from task result or requiring elevated permissions to view.	open
AUDIT-056	info	validation	internal/controller/tasks/handlers_vm_create.go:33-38	Tier 3 Task System audit - Password Handling in VM Create	Verified secure password handling: plaintext password immediately hashed using Argon2id for cloud-init, password cleared from payload after hashing (line 38), hashPasswordForCloudInit enforces 12+ char strength validation. Password never logged or stored in task result.	verified
FINDING-055	low	status	internal/controller/repository/task_repo.go:206-216,258-294	Tier 3 Task System audit - Status transitions lack state machine	Task repository UpdateStatus/SetStarted/SetCompleted/SetFailed methods allow any status transition without validation. Could allow invalid transitions (e.g., completed->running). While worker handles transitions correctly, direct repository access could corrupt state. Add status transition validation in repository methods.	open
AUDIT-057	info	auth	internal/controller/services/migration_service.go:74-95	Tier 3 Task System audit - Migration Authorization	Verified migration authorization: MigrateVM requires admin authentication, validateVMState checks VM exists and is not deleted/provisioning/reinstalling, target node validation ensures it's online and has capacity, source node ownership verified via vm.NodeID. Migration can only be initiated by admins (not customers).	verified
AUDIT-030	info	xss	webui/admin/**/*.tsx, webui/customer/**/*.tsx	Tier 3 Frontend Security audit - XSS Protection	Verified no XSS vulnerabilities: No dangerouslySetInnerHTML usage found, no eval() or new Function() patterns, no document.write() calls, no innerHTML assignments. React's default escaping protects against XSS. User input rendered via JSX which auto-escapes. All href/src values use hardcoded navigation items or validated UUIDs.	verified
AUDIT-031	info	csrf	webui/admin/lib/api-client.ts, webui/customer/lib/api-client.ts	Tier 3 Frontend Security audit - CSRF Protection	Verified CSRF protection: Double-submit cookie pattern implemented. CSRF token fetched from server before state-changing requests, stored in cookie (not HttpOnly for JS access), sent in X-CSRF-Token header on POST/PUT/PATCH/DELETE requests. Backend validates token match. Login endpoint fetches CSRF token before submitting credentials.	verified
AUDIT-032	info	auth	webui/admin/lib/auth-context.tsx, webui/customer/lib/auth-context.tsx	Tier 3 Frontend Security audit - Token Storage	Verified secure token storage: Access and refresh tokens stored in HttpOnly, Secure, SameSite=Strict cookies (set by backend). Frontend cannot access tokens via JavaScript (getAccessTokenFromCookie returns null for HttpOnly cookies - this is expected behavior). sessionStorage used only for UI state caching (user object, isAuthenticated flag) - no tokens stored in sessionStorage. tempToken for 2FA flow stored in React state (memory) with short lifetime.	verified
AUDIT-033	info	config	webui/admin/next.config.js, webui/customer/next.config.js	Tier 3 Frontend Security audit - Next.js Configuration	Verified Next.js security config: reactStrictMode enabled, poweredByHeader disabled (prevents X-Powered-By disclosure), output: standalone for optimized production builds. Environment variables use NEXT_PUBLIC_ prefix correctly for client-side feature flags only - no secrets exposed.	verified
AUDIT-034	info	secrets	webui/admin/.env.example, webui/customer/.env.example	Tier 3 Frontend Security audit - Secrets Management	Verified no hardcoded secrets: Only NEXT_PUBLIC_API_URL and feature flags in .env.example. No API keys, passwords, or tokens in frontend code. All secrets managed by backend and injected at runtime.	verified
AUDIT-035	info	headers	nginx/conf.d/default.conf:61-74	Tier 3 Frontend Security audit - Security Headers	Verified security headers in nginx: HSTS with preload (max-age=63072000), X-Frame-Options SAMEORIGIN, X-Content-Type-Options nosniff, Referrer-Policy strict-origin-when-cross-origin, Permissions-Policy restricting camera/microphone/geolocation, Content-Security-Policy configured (unsafe-inline/unsafe-eval required for Next.js - documented in FINDING-034). TLS 1.3 enforced.	verified
AUDIT-036	info	redirect	webui/admin/**/*.tsx, webui/customer/**/*.tsx	Tier 3 Frontend Security audit - Open Redirects	Verified no open redirect vulnerabilities: All router.push() calls use hardcoded paths (/, /login, /vms, /dashboard, etc.). No user-controlled redirect URLs. Next.js redirect() also uses hardcoded paths. URL parameters (searchParams) used only for search queries, not redirects.	verified
FINDING-043	medium	infoleak	webui/customer/components/novnc-console/vnc-console.tsx:68, webui/customer/components/serial-console/serial-console.tsx:49	Console token exposed in WebSocket URL query parameter	VNC and Serial console components include authentication token in WebSocket URL as query parameter (?token=...). Tokens may be logged in server access logs, proxy logs, or visible in browser history. While console tokens have short expiry (1 hour) and are single-use, this increases attack surface. Consider passing token via WebSocket subprotocol header or after connection establishment via authenticated message.	open
FINDING-045	medium	audit	internal/controller/api/customer/routes.go, internal/controller/api/admin/routes.go	Customer and Admin routes lack automatic audit middleware	Provisioning API uses middleware.Audit() for automatic mutation logging (POST/PUT/PATCH/DELETE). Customer and Admin routes rely on manual logAudit/logAuditEvent calls which can be missed. Only 40% of mutation handlers have manual audit logging. Apply Audit middleware to customer/admin protected route groups, or create audit middleware variant that uses actor_type from JWT claims.	open
AUDIT-039	info	audit	migrations/000001_initial_schema.up.sql:443-444	Tier 3 Logging & Audit - Audit Trail Immutability	Verified audit log immutability: REVOKE UPDATE, DELETE ON audit_logs FROM app_user enforced at database level. AuditRepository only provides Append() method (no Update/Delete). Partitioned table design enables time-based retention. This prevents tampering with audit history.	verified
AUDIT-040	info	audit	internal/controller/api/middleware/auth.go:578-586	Tier 3 Logging & Audit - Token Safety in Logs	Verified token fingerprinting: tokenFingerprint() hashes tokens with SHA-256 before logging only first 8 hex chars. No raw token values logged. JWT validation failures log fingerprint not token. API key validation logs key_id not raw key. Prevents token exposure in log aggregation systems.	verified
AUDIT-041	info	audit	internal/shared/logging/logging.go:28-42	Tier 3 Logging & Audit - Structured Logging	Verified structured logging implementation: slog with JSONHandler for machine-parseable logs, level-based filtering (debug/info/warn/error), component tagging via WithComponent(). JSON output prevents log injection via newline characters in user data (slog escapes values).	verified
AUDIT-042	info	audit	internal/controller/api/customer/auth.go:58-61,85-88	Tier 3 Logging & Audit - PII Protection	Verified PII protection in logs: Email addresses masked via util.MaskEmail() (shows only first 2 chars + domain), passwords never logged, correlation IDs for request tracing without exposing sensitive data. Login failures log masked email + error type, not credentials.	verified
FINDING-047	medium	audit	internal/controller/api/customer/auth.go:42-91, internal/controller/api/admin/auth.go:36-79	Login attempts not recorded in audit log	Login successes and failures are logged via slog but not persisted to audit_logs table. Security monitoring and forensics cannot query login patterns, detect credential stuffing, or identify brute force attacks from audit data. Add audit log entries for auth.login.success and auth.login.failed events with actor_id (if known), actor_ip, action, and success flag.	open
FINDING-048	medium	audit	internal/controller/api/customer/auth.go:93-135, internal/controller/api/admin/auth.go:81-122	2FA verification attempts not recorded in audit log	2FA success and failure events logged via slog but not persisted to audit_logs. Cannot detect 2FA bypass attempts or compromised TOTP seeds from audit trail. Add audit entries for auth.2fa.success and auth.2fa.failed events.	open
FINDING-049	medium	audit	internal/controller/api/customer/routes.go, internal/controller/api/admin/routes.go	Customer and Admin routes lack automatic audit middleware	Provisioning API uses middleware.Audit() for automatic mutation logging (POST/PUT/PATCH/DELETE). Customer and Admin routes rely on manual logAudit/logAuditEvent calls which can be missed. Only 40% of mutation handlers have manual audit logging. Apply Audit middleware to customer/admin protected route groups, or create audit middleware variant that uses actor_type from JWT claims.	open
FINDING-050	low	audit	internal/controller/api/admin/helpers.go:14-46	Changes field may contain sensitive user data	logAuditEvent accepts any 'changes' parameter which is marshaled to JSONB without sanitization. Node updates (line 212), VM updates (line 240), and customer updates (line 207) pass full request bodies which could contain passwords, API keys, or other secrets. Implement a sensitive field filter that redacts fields named password, token, secret, api_key, etc. before marshaling to changes JSONB.	open
AUDIT-043	info	injection	modules/servers/virtuestack/*.php	Tier 3 WHMCS Module audit - PHP Injection Prevention	Verified no PHP injection vulnerabilities: No eval(), system(), exec(), shell_exec(), passthru(), or backtick operators with user input. All shell operations avoided. WHMCS internal functions used for database and file operations. Strict typing enabled (declare(strict_types=1)). No dynamic code execution patterns.	verified
AUDIT-044	info	sql	modules/servers/virtuestack/lib/shared_functions.php, modules/servers/virtuestack/hooks.php	Tier 3 WHMCS Module audit - SQL Injection Prevention	Verified SQL injection protection: All database queries use WHMCS Capsule ORM (Eloquent) with parameterized queries. No raw SQL concatenation. get_query_val/update_query/insert_query WHMCS functions use parameterized queries internally. No user input directly concatenated into SQL strings.	verified
AUDIT-045	info	crypto	modules/servers/virtuestack/lib/ApiClient.php:50,525-526	Tier 3 WHMCS Module audit - Secure API Communication	Verified secure API client: SSL certificate verification enabled by default ($verifySsl=true), CURLOPT_SSL_VERIFYPEER and CURLOPT_SSL_VERIFYHOST properly configured (2 for strict host verification), API key transmitted via X-API-Key header (not URL), URL validation with filter_var(FILTER_VALIDATE_URL), timeout enforced with minimum 5 seconds.	verified
AUDIT-046	info	auth	modules/servers/virtuestack/webhook.php:69-75, modules/servers/virtuestack/lib/shared_functions.php:161-174	Tier 3 WHMCS Module audit - Webhook Signature Validation	Verified webhook signature security: HMAC-SHA256 signature verification required on all webhooks, hash_equals() used for timing-safe comparison preventing timing attacks, signature checked before processing payload, empty signature rejected early, webhook secret retrieved from encrypted storage (WHMCS decrypt() function).	verified
AUDIT-047	info	validation	modules/servers/virtuestack/webhook.php:36-90	Tier 3 WHMCS Module audit - Webhook Input Validation	Verified comprehensive input validation: POST method enforced, Content-Type validation (application/json required), request body size limit (64KB max), JSON parsing with error handling, string fields sanitized with htmlspecialchars(ENT_QUOTES, UTF-8), integer fields type-checked (is_int), type coercion prevented for whmcs_service_id.	verified
AUDIT-048	info	xss	modules/servers/virtuestack/hooks.php:652, modules/servers/virtuestack/webhook.php:78-83	Tier 3 WHMCS Module audit - XSS Prevention	Verified XSS protection: Output escaped with htmlspecialchars() with ENT_QUOTES and UTF-8 encoding. JSON responses use json_encode() which escapes special characters. No direct HTML output of user data. Template variables escaped by WHMCS template engine.	verified
AUDIT-049	info	secrets	modules/servers/virtuestack/lib/VirtueStackHelper.php:97-105,405-421	Tier 3 WHMCS Module audit - Secret Management	Verified secret handling: Cryptographically secure random generation using random_bytes() (not rand()/mt_rand()), passwords encrypted with WHMCS encrypt() function (AES-256-CBC) before storage, log sanitization removes passwords/api_keys/tokens from log output, JWT secret validated for minimum length, API credentials encrypted in custom fields.	verified
AUDIT-050	info	jwt	modules/servers/virtuestack/lib/VirtueStackHelper.php:162-207	Tier 3 WHMCS Module audit - JWT Security	Verified JWT implementation: HMAC-SHA256 algorithm enforced, standard JWT claims (iss, sub, aud, iat, nbf, exp), short token expiry (1 hour default, 5 min recommended for SSO), API secret NOT included in JWT payload (correctly uses api_id for lookup), base64 URL encoding for JWT components.	verified
FINDING-056	low	config	modules/servers/virtuestack/lib/ApiClient.php:506-510	API key passed via header (secure) but debug mode could log sensitive data	Debug mode ($debug=true) logs full API requests/responses which could expose sensitive data. While debug is disabled by default, if enabled in production, API keys and request data would be logged. Ensure debug mode is never enabled in production, or mask sensitive headers in debug output.	info
AUDIT-058	info	constraints	migrations/000001_initial_schema.up.sql:229-251	Tier 3 Database Migrations audit - Foreign Key ON DELETE Actions	Verified all foreign keys have explicit ON DELETE actions: customers CASCADE on vms, nodes SET NULL on vms, plans RESTRICT on vms, templates SET NULL on vms, ip_sets CASCADE on ip_addresses, nodes CASCADE on ipv6_prefixes, customer_webhooks CASCADE on webhook_deliveries. Proper referential integrity maintained. No orphaned records risk.	verified
AUDIT-059	info	crypto	migrations/000001_initial_schema.up.sql:40-64	Tier 3 Database Migrations audit - Sensitive Data Encryption at Rest	Verified encryption at rest for sensitive fields: password_hash TEXT NOT NULL (no plaintext), totp_secret_encrypted TEXT (encrypted), totp_backup_codes_hash TEXT[] (hashed), ipmi_username_encrypted TEXT, ipmi_password_encrypted TEXT, root_password_encrypted TEXT, webhook secret_hash VARCHAR(128) NOT NULL (hashed). No plaintext secrets in schema.	verified
AUDIT-060	info	authz	migrations/000001_initial_schema.up.sql:427-449	Tier 3 Database Migrations audit - RLS Infrastructure	Verified RLS infrastructure exists: app_customer role created with NOLOGIN, RLS enabled on vms table, customer_vms policy restricts access via current_setting('app.current_customer_id'). Note: See FINDING-014 - RLS not activated at runtime. Schema design is correct, activation is the issue.	verified_with_caveat
AUDIT-061	info	audit	migrations/000001_initial_schema.up.sql:443-444	Tier 3 Database Migrations audit - Audit Log Immutability	Verified audit log immutability at schema level: REVOKE UPDATE, DELETE ON audit_logs FROM app_user prevents tampering. Audit logs are append-only by design. Partitioned table enables time-based retention. app_user cannot modify or delete audit records.	verified
AUDIT-062	info	constraints	migrations/000010_webhooks.up.sql:48-51, 000027_*.up.sql:11-30	Tier 3 Database Migrations audit - CHECK Constraints	Verified CHECK constraints on critical fields: status enums validated (pending/running/completed/failed/cancelled), HTTPS-only URLs enforced (url ~ '^https://'), non-negative counts enforced (fail_count >= 0, price_monthly >= 0, price_hourly >= 0). Input validation at database level.	verified
AUDIT-063	info	config	migrations/000001_initial_schema.up.sql:6, migrations/*	Tier 3 Database Migrations audit - Lock Timeout	Verified lock_timeout = '5s' set in all migrations preventing long-running locks during schema changes. Production-safe migration pattern. Prevents blocking application queries during deployments.	verified
FINDING-057	medium	constraints	migrations/000001_initial_schema.up.sql:66-85, 169-188	Missing CHECK constraints for positive values on resource columns	Plans table columns (vcpu, memory_mb, disk_gb, port_speed_mbps) and Nodes table columns (total_vcpu, total_memory_mb) lack CHECK constraints for positive values. Negative or zero values could be inserted causing logical errors. Add CHECK (vcpu > 0), CHECK (memory_mb > 0), CHECK (disk_gb > 0), CHECK (port_speed_mbps > 0), CHECK (total_vcpu > 0), CHECK (total_memory_mb > 0).	open
FINDING-058	low	constraints	migrations/000037_admin_backup_schedules.up.sql:33	admin_backup_schedules.created_by FK lacks ON DELETE action	Foreign key created_by REFERENCES admins(id) has no explicit ON DELETE action, defaulting to NO ACTION which prevents admin deletion if backup schedules exist. Should use ON DELETE SET NULL to allow admin deletion while preserving schedule audit trail, or ON DELETE RESTRICT with documentation.	open
FINDING-059	low	performance	migrations/000018_add_failed_login_attempts.up.sql:5-16	Missing index on failed_login_attempts.ip_address	for IP-based rate limiting and security analysis, an index on ip_address column would improve query performance. Add CREATE INDEX idx_failed_login_attempts_ip ON failed_login_attempts(ip_address, attempted_at) for efficient IP-based brute force detection.	open
FINDING-060	low	authz	migrations/000020_add_failover_requests.up.sql:5-16	failover_requests table lacks RLS policy but has no app_customer grant	Table is admin-only which is correct, but consider adding explicit RLS policy returning false for app_customer role for defense in depth, or add comment documenting intentional admin-only access pattern. Currently relies on lack of GRANT rather than explicit deny.	info
